,age,dsl,dt,fwf
0.07,,,,
0.09,0.08,0.0009630324036429827,630719999.9999996,-552.729785195903
0.12,0.105,0.001307735078210956,946080000.0,-500.3806214192944
0.18,0.15,0.0011544666202082526,1892160000.0,-220.86764148665412
0.36,0.27,-0.009822992622255222,5676480000.0,626.4310504496432
0.37,0.365,-1.599582605414651e-05,315360000.00000024,18.361520267633917
0.43,0.4,0.023644640247341454,1892160000.0,-4523.591963437345
0.44,0.435,0.0051865232058171465,315360000.00000024,-5953.5813055105455
0.48,0.45999999999999996,0.020150268640105447,1261439999.9999993,-5782.595484302206
0.59,0.5349999999999999,0.0701429009999696,3468959999.999999,-7319.695286768658
0.61,0.6,-0.0012962524856691762,630720000.0000005,743.9805298900327
0.64,0.625,0.007425276263190478,946080000.0000008,-2841.144519781573
0.68,0.66,0.06254078285091484,1261440000.000001,-17947.55469307391
0.72,0.7,0.03890558680950523,1261439999.9999974,-11164.876985858165
0.73,0.725,-0.011466154139930074,315360000.00000024,13161.93492724088
0.74,0.735,-0.01756977233965025,315360000.00000024,20168.244504545237
0.75,0.745,-0.010979425907839638,315360000.00000024,12603.22228132276
0.79,0.77,-0.06192501812608035,1261440000.000001,17770.846462488164
0.8,0.795,-0.017100075659492314,315360000.00000024,19629.082282902757
0.82,0.81,-0.048941745457591515,630719999.999997,28089.97947686487
0.85,0.835,-0.12522774445622878,946080000.0000008,47916.078442790014
0.87,0.86,-0.05073272456113012,630720000.0000005,29117.90698111538
0.91,0.89,-0.10822886811233956,1261440000.000001,31058.82979504922
0.92,0.915,-0.00925281771035913,315360000.00000024,10621.25827990234
0.98,0.95,-0.11156492921783179,1892159999.9999983,21344.127545691244
1.06,1.02,-0.047295458766485,2522880000.000002,6786.274445660339
1.07,1.065,0.015956085859314573,315360000.00000024,-18315.902717757075
1.08,1.0750000000000002,0.037429225568369806,315360000.00000024,-42964.80103928798
1.12,1.1,0.17324309642940558,1261440000.000001,-49716.19808111743
1.13,1.125,0.025757784939600847,315359999.9999933,-29567.21888678242
1.15,1.14,0.0004557176090321524,630720000.0000005,-261.5578616020406
1.16,1.1549999999999998,0.005400862551797586,315360000.00000024,-6199.620255424673
1.18,1.17,0.006407376955371885,630720000.0000005,-3677.496286537006
1.19,1.185,-0.008854167271410585,315360000.00000024,10163.64964564507
1.22,1.205,-0.01976149447278641,946080000.0000008,7561.370073512467
1.25,1.2349999999999999,-0.009164601087565172,946080000.0000008,3506.6649688172133
1.27,1.26,-0.006491309012611662,630720000.0000005,3725.6688587097606
1.28,1.275,-0.007360403840182633,315360000.00000024,8448.966863730693
1.29,1.2850000000000001,-0.014695242804934894,315360000.00000024,16868.58794833342
1.3,1.295,-0.015539915703597584,315360000.00000024,17838.18329750863
1.31,1.3050000000000002,-0.020150052278551045,315360000.00000024,23130.13357697702
1.34,1.3250000000000002,-0.06757498586948152,946080000.0000008,25856.317525740196
1.39,1.365,-0.020794543331976112,1576799999.9999943,4773.988258609449
1.41,1.4,0.011493460936369548,630720000.0000005,-6596.640123931021
1.43,1.42,0.001950105635760202,630720000.0000005,-1119.2577374194454
1.45,1.44,-0.015767560845142803,630720000.0000005,9049.74794828401
1.46,1.455,-0.0017036786579215923,315360000.00000024,1955.643309765398
1.47,1.4649999999999999,0.016359506855589623,315360000.00000024,-18778.987448387365
1.48,1.475,0.0032652713487714147,315360000.00000024,-3748.186923691182
1.49,1.4849999999999999,0.02105937530245877,315360000.00000024,-24173.940447393674
1.5,1.495,0.019202239583535452,315360000.00000024,-22042.14462595075
1.51,1.505,0.029177170358797078,315360000.00000024,-33492.31249963386
1.52,1.5150000000000001,0.03854654475741859,315360000.00000024,-44247.365557412224
1.54,1.53,0.06655550046059988,630720000.0000005,-38199.345457155534
1.57,1.5550000000000002,0.0341632973526822,946080000.0000008,-13071.9533672321
1.58,1.5750000000000002,-0.008515538770543812,315360000.00000024,9774.939862179279
1.59,1.585,-0.01134661981726931,315360000.00000024,13024.722139305832
1.6,1.5950000000000002,-0.009993692257110054,315360000.00000024,11471.704074942403
1.61,1.605,-0.005717035262610609,315360000.00000024,6562.553161672498
1.63,1.62,-0.0008041416222271947,630719999.9999936,461.5348605502401
1.64,1.6349999999999998,-0.0010835752009851762,315360000.00000024,1243.8299808366105
1.65,1.645,-0.001585572188534723,315360000.00000024,1820.0695467071578
1.67,1.66,-0.007974919375792755,630720000.0000005,4577.182924335641
1.7,1.685,-0.05570133416028544,946080000.0000008,21313.084481252445
1.71,1.705,-0.00756132436817758,315360000.00000024,8679.602426687854
1.72,1.7149999999999999,0.0010989839958426284,315360000.00000024,-1261.5176512399516
1.73,1.725,0.006208678000200085,315360000.00000024,-7126.907141274826
1.74,1.7349999999999999,0.0035549075458335966,315360000.00000024,-4080.6587125563196
1.76,1.75,-0.00260368083850826,630720000.0000005,1494.3754178399122
1.77,1.7650000000000001,-0.0010105754760783014,315360000.00000024,1160.0340003181914
1.78,1.775,0.0009897146551029468,315360000.00000024,-1136.0879792848377
1.79,1.7850000000000001,0.001786202871591147,315360000.00000024,-2050.372398262287
1.81,1.8,-0.006036019972272655,630720000.0000005,3464.3569729241176
1.82,1.815,0.009956742632366178,315360000.00000024,-11429.28980503727
1.83,1.8250000000000002,0.0159552935939849,315360000.00000024,-18314.993280766517
1.84,1.835,0.022478478671532687,315360000.00000024,-25802.921356845593
1.85,1.8450000000000002,0.02550203918854399,315360000.00000024,-29273.649753465616
1.86,1.855,0.023455294441212943,315360000.00000024,-26924.20277688698
1.87,1.8650000000000002,0.018541994393440453,315360000.00000024,-21284.252823520546
1.88,1.875,-0.01124313726930301,315359999.9999933,12905.935094773517
1.9,1.89,0.000233980691717095,630720000.0000005,-134.29257103245232
1.91,1.9049999999999998,-0.006860174111344486,315360000.00000024,7874.755924361688
1.92,1.915,-0.0010100673193613463,315360000.00000024,1159.4506900330007
1.94,1.93,-0.0021404025061199095,630720000.0000005,1228.4780999736913
1.95,1.9449999999999998,0.0012255472593187822,315360000.00000024,-1406.798921465623
1.96,1.955,0.0014294378723026802,315360000.00000024,-1640.8438285564748
1.97,1.9649999999999999,0.0016553018487923676,315360000.00000024,-1900.1118380987969
2.0,1.9849999999999999,0.0007577201130194999,946080000.0000008,-289.92757580020583
2.01,2.005,-0.0023581979958781363,315359999.9999933,2706.962438190967
2.03,2.0199999999999996,-0.0002732814999008293,630720000.0000005,156.84916121908316
2.06,2.045,-0.000513533820043599,946080000.000008,196.49421069653863
2.07,2.065,-0.010472249250795346,315359999.9999933,12021.037001484005
2.08,2.075,-0.013741129480684927,315360000.0000073,15773.366539852324
2.1,2.09,-0.030040271781896166,630720000.0000005,17241.530925048206
2.15,2.125,-0.07601689335094275,1576799999.9999943,17451.874297971448
2.18,2.165,-0.04589554374857874,946080000.000008,17561.08028600685
2.19,2.185,0.0052018688035961325,315359999.9999933,-5971.196432337138
2.2,2.1950000000000003,0.0011646921320903614,315360000.0000073,-1336.943657460366
2.21,2.205,0.01931899093351558,315359999.9999933,-22176.16285493654
2.22,2.215,0.011451713824586984,315360000.0000073,-13145.358969115909
2.23,2.225,0.01692346727201005,315359999.9999933,-19426.354491589827
2.26,2.245,0.07724590870267722,946079999.9999939,-29556.71713847596
2.29,2.275,0.09528043345199719,946080000.000008,-36457.29421362114
2.32,2.3049999999999997,0.0711193686543927,946079999.9999939,-27212.509991639523
2.34,2.33,0.03194049611917052,630720000.0000005,-18332.15942912817
2.35,2.3449999999999998,-0.0033989905954715793,315360000.0000073,3901.682507485678
2.39,2.37,-0.05598372448414615,1261440000.000001,16065.851933711387
2.42,2.4050000000000002,-0.04084314592685974,946079999.9999939,15627.873779726155
2.44,2.4299999999999997,-0.06941553664477787,630720000.0000005,39840.85531679599
2.45,2.4450000000000003,-0.06484693244871029,315360000.0000073,74437.43514216319
2.46,2.455,-0.05873406751974386,315359999.9999933,67420.51129549634
2.47,2.465,-0.07009996169257121,315360000.0000073,80467.35836095318
2.48,2.475,-0.08062579304772532,315359999.9999933,92549.90196371506
2.49,2.4850000000000003,-0.04630764396470999,315360000.0000073,53156.28841712528
2.51,2.5,-0.08196158821070032,630719999.9999866,47041.626922048046
2.52,2.5149999999999997,-0.039139613619751046,315360000.0000073,44928.14602470051
2.53,2.525,-0.01596163327354727,315359999.9999933,18322.270563876948
2.54,2.535,-0.013586892673105422,315360000.0000073,15596.318961390312
2.56,2.55,-0.04339729140034054,630720000.0000005,24907.7554016414
2.57,2.565,-0.025185920376008197,315359999.9999933,28910.778716752793
2.59,2.58,-0.03260889902907316,630720000.0000005,18715.787431070006
2.61,2.5999999999999996,0.016568017812592095,630720000.0000005,-9509.168011412883
2.62,2.615,0.022966741163021775,315360000.0000073,-26363.395170642092
2.64,2.63,0.0320207368450236,630720000.0000005,-18378.21337185841
2.66,2.6500000000000004,0.026442403919187507,630720000.0000005,-15176.544613688911
2.7,2.68,0.045366988652842166,1261440000.000001,-13019.128846658465
2.71,2.705,0.028393887303384213,315359999.9999933,-32593.186212028482
2.72,2.715,0.01082250196529222,315360000.0000073,-12423.090155491162
2.73,2.725,0.03549023168866705,315359999.9999933,-40739.04068777824
2.75,2.74,0.05343066253177586,630720000.0000005,-30666.38101931578
2.79,2.77,0.0800650255144979,1261440000.000001,-22976.550003367756
2.8,2.795,0.005861838374580819,315359999.9999933,-6728.771853114858
2.81,2.8049999999999997,0.01245446645035636,315360000.0000073,-14296.413162826288
2.83,2.8200000000000003,-0.02692431791174288,630720000.0000005,15453.137817178645
2.84,2.835,-0.01646295020191091,315359999.9999933,18897.72949356886
2.85,2.8449999999999998,-0.001325870943758356,315360000.0000073,1521.959924024968
2.88,2.865,-0.0627520986742014,946079999.9999939,24010.92901241021
2.9,2.8899999999999997,-0.05261818741889934,630720000.0000005,30200.063174850246
2.93,2.915,-0.06944243304228148,946080000.000008,26570.86161984788
2.94,2.935,-0.015758898377594255,315359999.9999933,18089.552297974507
2.97,2.955,-0.09621699502324899,946080000.000008,36815.65216304735
2.98,2.975,0.004436301557277589,315359999.9999933,-5092.406024018649
3.0,2.99,-0.0038023978133915337,630720000.0000005,2182.3757110092183
3.01,3.005,0.009411708766309923,315359999.9999933,-10803.648444331127
3.02,3.0149999999999997,0.010703944973844526,315360000.0000073,-12286.999240650777
3.03,3.025,0.006780111197061567,315359999.9999933,-7782.852147819442
3.06,3.045,0.01011380297466602,946080000.000008,-3869.8595011299976
3.08,3.0700000000000003,-0.004538792424576776,630720000.0000005,2605.0273618987694
3.13,3.105,0.01595835189028383,1576799999.9999943,-3663.7007764350374
3.14,3.135,0.010962297167273927,315360000.0000073,-12583.560294752251
3.17,3.1550000000000002,-0.01692855988648756,946079999.9999939,6477.400091861719
3.18,3.175,-0.015755553542273204,315360000.0000073,18085.71278000624
3.19,3.185,-0.020387442468554062,315359999.9999933,23402.63246326968
3.2,3.1950000000000003,-0.019681940202516457,315360000.0000073,22592.79031364407
3.22,3.21,-0.03222551646202443,630720000.0000005,18495.74606680117
3.23,3.225,0.0002646285793758141,315359999.9999933,-303.76568281978285
3.26,3.245,-0.007878287793092187,946079999.9999939,3014.4809964267183
3.27,3.2649999999999997,0.007477568629728593,315360000.0000073,-8583.459677707027
3.32,3.295,0.029159934877716176,1576799999.9999943,-6694.505597243337
3.33,3.325,0.012208821045880835,315360000.0000073,-14014.43816149404
3.35,3.34,0.018074927488616277,630720000.0000005,-10374.054653220268
3.37,3.3600000000000003,0.019052523265788546,630720000.0000005,-10935.14304638421
3.39,3.38,0.049449644274309534,630720000.0000005,-28381.486598332125
3.41,3.4000000000000004,0.03556663905991042,630720000.0000005,-20413.37414334025
3.44,3.425,-0.03876931181282284,946079999.9999939,14834.359542789147
3.45,3.4450000000000003,0.0017211204880862585,315360000.0000073,-1975.6646901547795
3.46,3.455,0.00012007322411700105,315359999.9999933,-137.83138993643868
3.47,3.465,-0.011613158125790779,315360000.0000073,13330.679989650447
3.48,3.475,-0.015001754543402357,315359999.9999933,17220.431077853144
3.49,3.4850000000000003,-0.02581493623040143,315360000.0000073,29632.822537433734
3.5,3.495,-0.017123582975250184,315359999.9999933,19656.06620066178
3.51,3.505,-0.01274285317366386,315359999.9999933,14627.450687678891
3.54,3.525,-0.011555695475137573,946080000.000008,4421.572976915024
3.55,3.545,-0.003771245641671861,315359999.9999933,4328.9920163788765
3.56,3.5549999999999997,-0.0012563389771461653,315360000.0000073,1442.1445640756638
3.58,3.5700000000000003,0.012346978274248244,630720000.0000005,-7086.514039950946
3.61,3.5949999999999998,0.0502298880780605,946079999.9999939,-19219.536914698565
3.62,3.615,0.02334302704885316,315360000.0000073,-26795.331658056344
3.63,3.625,0.01717795231326369,315359999.9999933,-19718.476463094834
3.64,3.635,0.01550409258310792,315360000.0000073,-17797.062135606728
3.68,3.66,0.005004016534691846,1261440000.000001,-1436.0207267554913
3.7,3.6900000000000004,-0.021226087133355387,630720000.0000005,12182.65401806609
3.71,3.705,-0.004794920876809994,315359999.9999933,5504.063157677747
3.74,3.725,-0.054353664868203366,946080000.000008,20797.42377208001
3.76,3.75,-0.012234386837859712,630719999.9999866,7021.892496361792
3.8,3.78,-0.05041909067722172,1261440000.000001,14468.948840336638
3.82,3.8099999999999996,-0.018057481381569818,630720000.0000005,10364.041508321076
3.83,3.825,-0.014205102988329998,315360000.0000073,16305.959163417494
3.86,3.8449999999999998,-0.058738280650142416,946079999.9999939,22475.115841526815
3.87,3.865,-0.018564053776903733,315360000.0000073,21309.574667805035
3.88,3.875,-0.02180347329768406,315359999.9999933,25028.08642111174
3.89,3.885,-0.03968382819970839,315360000.0000073,45552.84693142474
3.91,3.9000000000000004,-0.08828997115022452,630720000.0000005,50673.78481161412
3.92,3.915,-0.03410102385518732,315359999.9999933,39144.37669830692
3.93,3.925,-0.04762411760045682,315360000.0000073,54667.46122325269
3.94,3.935,-0.04342776340931587,315359999.9999933,49850.489453870745
3.95,3.9450000000000003,-0.05179310848839114,315360000.0000073,59453.022808210175
4.01,3.98,-0.201687629004079,1892159999.9999878,38586.01899388903
4.02,4.015,-0.05699480396518708,315359999.9999933,65424.02027967453
4.05,4.035,-0.044125324098365226,946080000.000008,16883.738503729153
4.09,4.07,-0.08555395012563594,1261440000.000001,24551.726554953217
4.11,4.1,0.09621241696600769,630720000.0000145,-55220.85068127533
4.12,4.115,0.058663706748733446,315359999.9999933,-67339.74455556176
4.13,4.125,0.06547323542260508,315359999.9999933,-75156.3648623273
4.14,4.135,0.06136077110698013,315359999.9999933,-70435.68981712099
4.15,4.145,0.05117613402338361,315360000.0000213,-58744.801231810045
4.18,4.165,0.10291535598701262,946079999.9999799,-39378.655998752074
4.2,4.1899999999999995,-0.014347988463686345,630720000.0000145,8234.988305197769
4.21,4.205,0.02929391562973649,315359999.9999933,-33626.323750522686
4.22,4.215,-0.01222623470296269,315359999.9999933,14034.427202158131
4.23,4.225,-0.035765298209284646,315360000.0000213,41054.788025622045
4.24,4.235,-0.02559405384858726,315359999.9999933,29379.272872871592
4.26,4.25,-0.07791832457237513,630719999.9999866,44721.00693683472
4.27,4.265,-0.021853348507267167,315359999.9999933,25085.337898372916
4.28,4.275,-0.008005910664268923,315360000.0000213,9189.940577324816
4.29,4.285,-0.022547371766938884,315359999.9999933,25882.003360071183
4.3,4.295,-0.026148640521181044,315359999.9999933,30015.879847373602
4.31,4.305,-0.029550826050141366,315359999.9999933,33921.2298013426
4.34,4.324999999999999,-0.06673566103756334,946080000.000008,25535.165414761675
4.37,4.355,-0.006800682187494189,946080000.000008,2602.155157991793
4.38,4.375,0.009772742216410224,315359999.9999933,-11218.076745118518
4.39,4.385,0.016060510170068376,315359999.9999933,-18435.770806585726
4.4,4.395,0.016006417629864655,315360000.0000213,-18373.678278826148
4.42,4.41,0.06804952635808692,630719999.9999866,-39056.83748989724
4.43,4.425,0.019844067857170078,315359999.9999933,-22778.895751825596
4.44,4.4350000000000005,0.02268552666338075,315360000.0000213,-26040.590601671985
4.47,4.455,0.07250838179352925,946079999.9999799,-27743.990158610424
4.48,4.475,0.01790329801095747,315360000.0000213,-20551.09677817785
4.49,4.485,0.03766341219760938,315359999.9999933,-43233.622575897025
4.5,4.495,0.027451432750267735,315359999.9999933,-31511.347842456657
4.51,4.505,0.02857610416224965,315359999.9999933,-32802.351936626685
4.53,4.52,0.06860410969644404,630720000.0000145,-39375.13906347059
4.57,4.550000000000001,-0.006236553247679577,1261440000.000001,1789.7262459252959
4.58,4.575,-0.018071791702236162,315359999.9999933,20744.509754596744
4.59,4.585,-0.018271454183758085,315359999.9999933,20973.70121296476
4.6,4.595,-0.011678492698698806,315359999.9999933,13405.67718457971
4.61,4.605,-0.01663323899823288,315360000.0000213,19093.20306113615
4.62,4.615,0.0016213385234999933,315359999.9999933,-1861.125524819286
4.65,4.635,0.029827655375344708,946080000.000008,-11413.000217608123
4.66,4.655,0.007937501733287888,315359999.9999933,-9111.414343766732
4.67,4.665,-0.00351433356048636,315359999.9999933,4034.084059158071
4.68,4.675,-0.012922665026553704,315359999.9999933,14833.855719217847
4.7,4.6899999999999995,-0.03303486593959537,630720000.0000145,18960.26996152532
4.71,4.705,-0.02028362818433549,315359999.9999933,23283.46462052766
4.75,4.73,-0.08421470559039723,1261440000.000001,24167.39870602151
4.78,4.765000000000001,-0.039076723526616286,946080000.000008,14951.984944861932
4.8,4.79,-0.07206478846433972,630719999.9999866,41361.386073204485
4.81,4.805,-0.053103385608404885,315359999.9999933,60957.08266819817
4.82,4.8149999999999995,-0.04382860369979191,315360000.0000213,50310.61180658169
4.84,4.83,-0.09188659281981826,630719999.9999866,52738.05587388209
4.85,4.845,-0.03640964240042455,315359999.9999933,41794.42715929086
4.87,4.859999999999999,-0.07692289044845024,630720000.0000145,44149.68027387485
4.95,4.91,-0.1616050563627609,2522880000.000002,23188.193811564324
4.96,4.955,-0.022973142314973716,315359999.9999933,26370.74301756932
5.03,4.995,-0.16649451685229133,2207520000.000009,27302.59073554451
5.06,5.045,0.003204038217200278,946079999.9999799,-1225.9659168638225
5.07,5.0649999999999995,0.005767248749370069,315360000.0000213,-6620.192945433231
5.08,5.075,-0.008932742708599672,315359999.9999933,10253.845955457731
5.1,5.09,-0.015541884224748337,630719999.9999866,8920.22147602584
5.11,5.105,-0.0030084063683695206,315360000.0000213,3453.3330331991788
5.13,5.12,-0.020586314383941318,630719999.9999866,11815.458217571846
5.14,5.135,-0.015350394609098483,315359999.9999933,17620.633081220727
5.15,5.145,-0.015220432259088312,315360000.0000213,17471.450018358693
5.16,5.155,-0.013390655007458285,315359999.9999933,15371.05883022578
5.18,5.17,-0.03030521379437401,630719999.9999866,17393.593660520713
5.21,5.195,-0.039209370910477936,946080000.000008,15002.740010985215
5.24,5.225,-0.03193336473836528,946080000.000008,12218.710928555865
5.25,5.245,-0.005878757785240385,315359999.9999933,6748.193551043456
5.26,5.255,-0.0035592607380556807,315359999.9999933,4085.6557178341695
5.27,5.265,-0.00900706938910556,315359999.9999933,10339.165140969944
5.32,5.295,-0.020725506873616073,1576800000.0000222,4758.138944855982
5.33,5.325,-0.0024572949268000244,315359999.9999933,2820.715257171574
5.37,5.35,-0.021099928982649896,1261440000.000001,6055.1229481539
5.41,5.390000000000001,-0.018248117207710024,1261440000.000001,5236.728206804147
5.42,5.415,0.0026302330229417414,315359999.9999933,-3019.2299413525197
5.43,5.425,-0.002086443459353049,315359999.9999933,2395.0169085674142
5.44,5.4350000000000005,0.0032256998054474018,315360000.0000213,-3702.7629679473634
5.45,5.445,0.005325984779947834,315359999.9999933,-6113.66847520661
5.46,5.455,0.00800457173582636,315359999.9999933,-9188.40362877094
5.47,5.465,0.008100167972500572,315359999.9999933,-9298.138020184137
5.48,5.475,0.01007119961705838,315360000.0000213,-11560.674344796067
5.5,5.49,0.035730071613250924,630719999.9999866,-20507.17580542413
5.56,5.529999999999999,0.11467270385685335,1892159999.9999878,-21938.69376595065
5.6,5.58,0.07824386767366187,1261440000.000001,-22453.925749830018
5.63,5.615,0.02923939545423737,946080000.000008,-11187.913447524352
5.68,5.654999999999999,0.020033606018864836,1576799999.9999943,-4599.293111890599
5.69,5.6850000000000005,-0.0058207957880305194,315360000.0000213,6681.659294986383
5.71,5.7,-0.028989250778257647,630719999.9999866,16638.300326181965
5.74,5.725,-0.03204459985548658,946080000.000008,12261.272987153352
5.75,5.745,-0.039852066759922256,315359999.9999933,45745.96704430544
5.76,5.755,-0.028808252232711773,315359999.9999933,33068.83342288776
5.77,5.765,-0.04224879439837581,315359999.9999933,48497.15744613257
5.78,5.775,-0.04307762822344685,315360000.0000213,49448.57121032062
5.79,5.785,-0.0485542761363571,315359999.9999933,55735.18506266375
5.81,5.8,-0.08706811562013739,630719999.9999866,49972.50420866692
5.82,5.8149999999999995,-0.046648442174510585,315360000.0000213,53547.48879747492
5.85,5.835,-0.058680205636476135,946079999.9999799,22452.894512519884
5.86,5.855,-0.010934127414211403,315360000.0000213,12551.224390995247
5.89,5.875,-0.055796933428862605,946079999.9999799,21349.663771825526
5.9,5.895,-0.03468809313830912,315360000.0000213,39818.27028179558
5.92,5.91,-0.0519658455119667,630719999.9999866,29825.653341153517
5.94,5.93,-0.059023870295381364,630720000.0000145,33876.58714949195
5.95,5.945,-0.029104981350527748,315359999.9999933,33409.447136261
5.96,5.955,-0.021053596891380977,315359999.9999933,24167.307441273704
5.97,5.965,-0.019173346195397123,315359999.9999933,22008.978065493102
5.99,5.98,-0.0484724129733749,630720000.0000145,27820.607395296345
6.02,6.005,-0.11841110984122194,946079999.9999799,45307.81938369192
6.03,6.025,-0.04500532104757049,315360000.0000213,51661.359142628804
6.05,6.04,-0.06882087736069131,630719999.9999866,39499.55226498412
6.06,6.055,-0.015163481612870289,315359999.9999933,17406.076686514334
6.07,6.0649999999999995,-0.019376131831946974,315360000.0000213,22241.75457624408
6.08,6.075,-0.04303010724859213,315359999.9999933,49394.02214608918
6.09,6.085,-0.031047807083603995,315359999.9999933,35639.60605106825
6.1,6.095,-0.03508359887032686,315359999.9999933,40272.269124361344
6.11,6.105,-0.03406099081179681,315360000.0000213,39098.42298918573
6.12,6.115,-0.0443095319292075,315359999.9999933,50862.66666150893
6.13,6.125,-0.02039174373580943,315359999.9999933,23407.569864165303
6.14,6.135,-0.010476816551377333,315359999.9999933,12026.279780564037
6.15,6.145,0.012220160475445052,315360000.0000213,-14027.454629981006
6.16,6.155,-0.010991796056747383,315359999.9999933,12617.421906844993
6.17,6.165,0.010054435457123034,315359999.9999933,-11541.430858316258
6.18,6.175,-0.007559749468437182,315359999.9999933,8677.794607985534
6.2,6.1899999999999995,-0.025161256608694504,630720000.0000145,14441.233657323693
6.22,6.21,0.005546449375456675,630719999.9999866,-3183.369282590307
6.23,6.225,0.027409644658075827,315360000.0000213,-31463.379522522766
6.24,6.235,0.027999236335683797,315359999.9999933,-32140.168548699105
6.27,6.255,0.05541224408150791,946079999.9999799,-21202.46951368414
6.28,6.275,0.003532505989657597,315360000.0000213,-4054.944090106431
6.3,6.29,-0.007877221348317143,630719999.9999866,4521.109411610328
6.31,6.305,-0.009242179419469032,315359999.9999933,10609.046644621576
6.32,6.3149999999999995,-0.010669670510408569,315360000.0000213,12247.655773616314
6.33,6.325,-0.011440344798198776,315359999.9999933,13132.308526598315
6.34,6.335,0.009603480957167676,315359999.9999933,-11023.782681680532
6.35,6.345,-0.05551798701176125,315359999.9999933,63728.79026591197
6.36,6.355,-0.03943652921394003,315360000.0000213,45268.97379326905
6.38,6.37,-0.09583224521764677,630719999.9999866,55002.6521575166
6.41,6.395,-0.20285194852890243,946080000.000008,77617.54330232333
6.42,6.415,-0.06549694618206914,315359999.9999933,75183.58231199115
6.43,6.425,-0.058183523107952606,315359999.9999933,66788.54440981509
6.44,6.4350000000000005,-0.04881022283142977,315360000.0000213,56028.98485849944
6.45,6.445,-0.036083814708573136,315359999.9999933,41420.41135370291
6.46,6.455,-0.014399283824295672,315359999.9999933,16528.85827116674
6.48,6.470000000000001,0.04201582798568548,630720000.0000145,-24114.868294675598
6.49,6.485,0.0416494823981437,315359999.9999933,-47809.21051537398
6.5,6.495,0.023387848310587156,315359999.9999933,-26846.781736531993
6.52,6.51,0.05436709254613881,630719999.9999866,-31203.84243674319
6.53,6.525,0.028101468823786835,315360000.0000213,-32257.520656424873
6.54,6.535,0.02823018074757888,315359999.9999933,-32405.26836194753
6.56,6.55,0.05273247541152726,630719999.9999866,-30265.658452202675
6.57,6.5649999999999995,0.005121712133295375,315360000.0000213,-5879.18503377981
6.58,6.575,0.021786505342274776,315359999.9999933,-25008.608998933396
6.59,6.585,0.01380024963097437,315359999.9999933,-15841.230233424747
6.6,6.595,-0.014585925820970402,315359999.9999933,16743.10358698439
6.62,6.609999999999999,-0.018171668986532996,630720000.0000145,10429.579168450015
6.64,6.63,-0.058358132119361805,630719999.9999866,33494.488564195555
6.65,6.645,-0.022392760036165527,315360000.0000213,25704.52540934606
6.66,6.655,-0.008329584928992162,315359999.9999933,9561.484475822
6.67,6.665,-0.021765230212718034,315359999.9999933,24984.18739537067
6.7,6.6850000000000005,-0.03705939129775038,946080000.000008,14180.090108432189
6.71,6.705,-0.034221557309257467,315359999.9999933,39282.73638366142
6.74,6.725,-0.1739510678846088,946080000.000008,66559.15628089363
6.75,6.745,-0.05643485518107205,315359999.9999933,64781.25816701077
6.78,6.765000000000001,-0.14795619798132043,946080000.000008,56612.70047906894
6.82,6.800000000000001,-0.16270210233768,1261440000.000001,46691.21087506351
6.83,6.825,-0.04219124476267844,315359999.9999933,48431.09653757584
6.84,6.835,-0.03950786180937538,315359999.9999933,45350.85608509066
6.87,6.855,-0.14434231465985725,946080000.000008,55229.91491931749
6.9,6.885,-0.163128603181808,946080000.000008,62418.14048686581
6.91,6.905,-0.06165156967573271,315359999.9999933,70769.49588602141
6.92,6.915,-0.049059449137890176,315359999.9999933,56315.07035742205
6.93,6.925,-0.0467480312502806,315359999.9999933,53661.806546809785
6.95,6.9399999999999995,-0.07469205077463403,630720000.0000145,42869.29601156915
6.97,6.96,-0.10768497210119587,630719999.9999866,61805.4919784274
6.98,6.975,-0.04827025169831689,315360000.0000213,55409.15498094094
7.03,7.005000000000001,-0.40392137333659495,1576799999.9999943,92731.82213841192
7.04,7.035,-0.07368726799076253,315359999.9999933,84585.2074221734
7.05,7.045,-0.07628814883872614,315359999.9999933,87570.74416419155
7.07,7.0600000000000005,-0.13337912066540358,630720000.0000145,76552.57750011889
7.09,7.08,-0.07816454851756394,630719999.9999866,44862.32648934352
7.1,7.095,-0.035115011361007475,315359999.9999933,40308.32734869665
7.12,7.109999999999999,-0.04104586049737158,630720000.0000145,23558.158136808994
7.14,7.13,-0.016768979985562815,630719999.9999866,9624.509694910368
7.16,7.15,0.01932217942437653,630720000.0000145,-11089.911452980945
7.18,7.17,0.005590808547364823,630719999.9999866,-3208.829106649716
7.2,7.1899999999999995,-0.003072949490288579,630720000.0000145,1763.7108629573183
7.21,7.205,-0.021016314115616552,315359999.9999933,24124.510749154466
7.23,7.220000000000001,-0.028924114083628716,630720000.0000145,16600.91530040803
7.24,7.235,0.005522936828204372,315359999.9999933,-6339.748642218497
7.27,7.255,-0.13047343824530344,946079999.9999799,49923.24607306026
7.28,7.275,-0.09814716381128274,315360000.0000213,112662.5865667236
7.29,7.285,-0.07227649228052346,315359999.9999933,82965.78578624444
7.3,7.295,-0.09513892478144825,315359999.9999933,109209.44562051306
7.33,7.3149999999999995,-0.27201940102457645,946080000.000008,104083.18870591899
7.35,7.34,-0.20916066822674662,630719999.9999866,120047.18717986408
7.4,7.375,-0.5263861629470927,1576800000.0000222,120847.15308653278
7.41,7.405,-0.10008791270935546,315359999.9999933,114890.3614941256
7.42,7.415,-0.09599552295359004,315359999.9999933,110192.72992516594
7.44,7.43,-0.18022670732463553,630720000.0000145,103440.62032521017
7.46,7.45,-0.18841985831028385,630719999.9999866,108143.0566785962
7.49,7.475,-0.3444792608514913,946080000.000008,131808.6128321482
7.51,7.5,-0.25560774044024015,630719999.9999866,146705.35584628503
7.52,7.515,-0.12940045633260766,315359999.9999933,148538.06821538866
7.55,7.535,-0.41157884914095,946080000.000008,157483.02827353147
7.56,7.555,-0.11838516546681177,315359999.9999933,135893.67674716757
7.58,7.57,-0.22593884589149837,630720000.0000145,129676.97585730677
7.59,7.585,-0.07282587037367527,315359999.9999933,83596.41386120942
7.61,7.6,-0.1630734861251888,630720000.0000145,93595.57644805458
7.62,7.615,-0.07464008450306636,315359999.9999933,85678.94022739281
7.65,7.635,-0.1678869829361247,946080000.000008,64238.84642194807
7.67,7.66,-0.15458875414158335,630719999.9999866,88725.78798714858
7.68,7.675,-0.07106397964151157,315359999.9999933,81573.94923334516
7.69,7.6850000000000005,-0.04544821049045211,315360000.0000213,52169.74948485082
7.7,7.695,-0.033515387407435426,315359999.9999933,38472.127858612
7.72,7.71,-0.04539832226661211,630719999.9999866,26056.241534300378
7.74,7.73,-0.03468237619363812,630720000.0000145,19905.853916312644
7.78,7.76,-0.11756986436156502,1261440000.000001,33739.44927930501
7.79,7.785,-0.055924839941980053,315359999.9999933,64195.814494537066
7.84,7.8149999999999995,-0.40305186628588885,1576799999.9999943,92532.20167141824
7.85,7.845,-0.13188822375842157,315359999.9999933,151393.76268565963
7.86,7.855,-0.11616720709421813,315360000.0000213,133347.69459698163
7.88,7.87,-0.2454778867189713,630719999.9999866,140891.354312959
7.89,7.885,-0.12740628770434448,315359999.9999933,146248.97307513215
7.92,7.904999999999999,-0.41352866796496457,946080000.000008,158229.09035527217
7.95,7.9350000000000005,-0.45877261201610686,946080000.000008,175540.84807820615
7.96,7.955,-0.14899972370868575,315359999.9999933,171035.95884876137
7.97,7.965,-0.13512788511614282,315359999.9999933,155112.55204225247
7.99,7.98,-0.3314229122512735,630720000.0000145,190219.264071154
8.0,7.995,-0.10316936276070976,315359999.9999933,118427.54096707802
8.04,8.02,-0.3294661711466791,1261439999.9999733,94548.0989623766
8.05,8.045,-0.10058246333855081,315360000.0000493,115458.05342640061
8.06,8.055,-0.05954519202074948,315359999.9999933,68351.59662452996
8.07,8.065000000000001,-0.09272831652050861,315359999.9999933,106442.32172889658
8.1,8.085,-0.0007682254308090108,946079999.9999799,293.9472411982791
8.11,8.105,0.014965051019824926,315359999.9999933,-17178.29930611599
8.12,8.114999999999998,0.007213133785297643,315359999.9999933,-8279.916382159443
8.14,8.129999999999999,-0.07192904140048917,630720000.0000426,41283.474421257175
8.15,8.145,-0.05661724743844232,315359999.9999933,64990.62523058268
8.16,8.155000000000001,-0.05960518476995347,315359999.9999933,68420.46196957005
8.17,8.165,-0.08790412641319634,315359999.9999933,100904.66058338962
8.18,8.175,-0.1260101788078316,315359999.9999933,144646.38739356928
8.19,8.184999999999999,-0.11961337577507436,315359999.9999933,137303.53256778867
8.2,8.195,-0.11283505125756221,315359999.9999933,129522.73133954334
8.23,8.215,-0.4086092695255825,946080000.0000359,156346.773600811
8.24,8.235,-0.13478712822469063,315359999.9999933,154721.39909100407
8.26,8.25,-0.36809551950994823,630719999.9999866,211267.40560407803
8.29,8.274999999999999,-0.6029891587826324,946079999.9999799,230722.64024111867
8.3,8.295,-0.18386465208877034,315360000.0000493,211057.21732662502
8.35,8.325,-0.704917914771432,1576799999.9999664,161834.27520754933
8.36,8.355,-0.09843681211999211,315359999.9999933,112995.07225849156
8.37,8.364999999999998,-0.1035166581462903,315359999.9999933,118826.19941957726
8.39,8.379999999999999,-0.18956529205265582,630720000.0000426,108800.47520778916
8.4,8.395,-0.10970647178314508,315359999.9999933,125931.45226249161
8.41,8.405000000000001,-0.07971768392656031,315359999.9999933,91507.48852554365
8.45,8.43,-0.28969699305256924,1261439999.9999733,83135.3940615743
8.47,8.46,-0.1675058163121541,630720000.0000426,96139.50010305
8.49,8.48,-0.26403741216513055,630719999.9999866,151543.54262395244
8.51,8.5,-0.24080293949001685,630719999.9999866,138208.1812775684
8.52,8.515,-0.09662016416212182,315359999.9999933,110909.75211405645
8.54,8.53,-0.27134015188819305,630719999.9999866,155734.92989524346
8.56,8.55,-0.31673069929296105,630720000.0000426,181786.70906907055
8.57,8.565000000000001,-0.15897883718045236,315359999.9999933,182490.9280166317
8.58,8.575,-0.12733916858632455,315359999.9999933,146171.9274107384
8.6,8.59,-0.29405174740452367,630719999.9999866,168770.1873421484
8.61,8.605,-0.06649414332467884,315359999.9999933,76328.25939730546
8.62,8.614999999999998,-0.043580857250681504,315359999.9999933,50026.22502773668
8.71,8.665,-0.8960406493513062,2838240000.0000515,114284.45623526092
8.73,8.72,-0.10220075007157803,630719999.9999866,58657.83790891684
8.76,8.745000000000001,-0.15029468932436885,946079999.9999799,57507.48090586703
8.79,8.774999999999999,-0.2705898925599115,946079999.9999799,103536.21375220917
8.8,8.795,-0.10415929386612177,315360000.0000493,119563.87740845443
8.85,8.825,-0.7374146056897324,1576799999.9999664,169294.8295660127
8.91,8.879999999999999,-0.9929217945294901,1892160000.000016,189961.5728160792
8.92,8.915,-0.14627896421193043,315359999.9999933,167912.81406874664
8.93,8.925,-0.1424262639480709,315359999.9999933,163490.32074201785
8.94,8.934999999999999,-0.14099477918362524,315359999.9999933,161847.12729729014
8.95,8.945,-0.16101534640077375,315359999.9999933,184828.62568836036
8.96,8.955,-0.16768698361267909,315360000.0000493,192486.9611484663
8.99,8.975000000000001,-0.5622424673706803,946079999.9999799,215131.6729961426
9.02,9.004999999999999,-0.6071779998770452,946079999.9999799,232325.42275018504
9.07,9.045,-0.9489492791424752,1576800000.0000222,217858.72593199593
9.11,9.09,-0.700137311546122,1261439999.9999733,200920.93700826162
9.13,9.120000000000001,-0.2614029618546496,630720000.0000426,150031.50715274096
9.15,9.14,-0.23489468074055253,630719999.9999866,134817.1525052033
9.17,9.16,-0.2803909260179438,630719999.9999866,160929.59668077403
9.18,9.175,-0.13462805943896683,315359999.9999933,154538.80491155197
9.22,9.2,-0.5215135948043503,1261440000.000029,149660.6428519553
9.24,9.23,-0.28125857249333563,630719999.9999866,161427.57997620126
9.33,9.285,-1.3131511060037653,2838239999.9999957,167484.32140106676
9.35,9.34,-0.2580478880927721,630719999.9999866,148105.8718442185
9.36,9.355,-0.13518173598108874,315359999.9999933,155174.36715231847
9.37,9.364999999999998,-0.13674240290032813,315359999.9999933,156965.8480781324
9.44,9.405,-1.2545720594697016,2207520000.000009,205730.90414946643
9.46,9.45,-0.4069636419819993,630720000.0000426,233575.65702288464
9.47,9.465,-0.19654257296415878,315359999.9999933,225610.13258823878
9.49,9.48,-0.4252823798453633,630719999.9999866,244089.64596655374
9.51,9.5,-0.41842635004004336,630719999.9999866,240154.6466173562
9.54,9.524999999999999,-0.5862651877281451,946079999.9999799,224323.52227886967
9.56,9.55,-0.3815485986315039,630720000.0000426,218988.76316684918
9.6,9.58,-0.7495998550182392,1261439999.9999733,215115.3820368851
9.61,9.605,-0.16041616049604102,315359999.9999933,184140.82350192821
9.62,9.614999999999998,-0.11610746860138477,315359999.9999933,133279.1211114351
9.64,9.629999999999999,-0.28476109383494475,630720000.0000426,163437.84241540308
9.72,9.68,-1.1748673430536982,2522880000.000002,168577.96573179794
9.73,9.725000000000001,-0.09184458278912189,315359999.9999933,105427.88866585118
9.8,9.765,-0.6615199749329363,2207520000.000009,108479.30298512446
9.83,9.815000000000001,-0.23203485576611627,946079999.9999799,88783.8425792067
9.84,9.835,-0.08184659253014814,315359999.9999933,93951.25093833795
9.85,9.844999999999999,-0.08444786920622249,315359999.9999933,96937.24204925542
9.88,9.865,-0.2587159419782239,946080000.0000359,98992.8663496887
9.9,9.89,-0.19486985958811687,630719999.9999866,111845.0170771496
9.92,9.91,-0.2697560890513415,630719999.9999866,154825.76141011494
9.94,9.93,-0.33269425039302547,630719999.9999866,190948.94508225168
9.95,9.945,-0.1361008893059079,315359999.9999933,156229.458170788
9.98,9.965,-0.4795806547612145,946080000.0000359,183502.66047644283
10.03,10.004999999999999,-0.7102420086292938,1576799999.9999664,163056.5747867896
10.04,10.035,-0.13722739139056728,315359999.9999933,157522.56368400052
10.18,10.11,-2.266218041626715,4415040000.000018,185812.79695515044
10.2,10.19,-0.37673589899078763,630719999.9999866,216226.52751564563
10.23,10.215,-0.5639761049887682,946080000.0000359,215795.01734095038
10.26,10.245000000000001,-0.5995114376218993,946079999.9999799,229391.95461180044
10.29,10.274999999999999,-0.5887052172320679,946079999.9999799,225257.15440344697
10.31,10.3,-0.33695729083896,630720000.0000426,193395.70535847172
10.32,10.315000000000001,-0.16270394081610107,315359999.9999933,186766.95387947053
10.49,10.405000000000001,-2.4607402262569025,5361119999.999998,166157.06455087726
10.5,10.495000000000001,-0.13485438450410925,315359999.9999933,154798.60220220886
10.54,10.52,-0.5194647260881311,1261439999.9999733,149072.67158478205
10.57,10.555,-0.41226154643192103,946080000.0000359,157744.2497551473
10.63,10.600000000000001,-0.9182576619694061,1892160000.000016,175677.1486729041
10.64,10.635000000000002,-0.1227071605802621,315359999.9999933,140854.871036453
10.69,10.665,-0.5337448747705409,1576799999.9999664,122536.55800795277
10.78,10.735,-0.9557529093108386,2838239999.9999957,121900.3865672121
10.79,10.785,-0.11581436292139102,315359999.9999933,132942.6667222997
10.81,10.8,-0.22742479648064773,630720000.0000426,130529.83308915037
10.9,10.855,-1.0203882483932034,2838239999.9999957,130144.22526577745
11.08,10.99,-2.608470084004871,5676479999.999991,166347.13244999803
11.09,11.085,-0.1462781340138264,315359999.9999933,167911.86108893415
11.13,11.11,-0.6221512900273325,1261440000.000029,178541.0063022333
11.15,11.14,-0.3056526126058188,630719999.9999866,175428.47184695068
11.35,11.25,-2.9326827865979794,6307199999.999977,168320.5176224747
11.37,11.36,-0.26540914801292104,630719999.9999866,152330.84662081345
11.38,11.375,-0.12611536329238504,315360000.0000493,144767.12808167253
11.39,11.385000000000002,-0.1251452728788891,315359999.9999933,143653.5666608283
11.4,11.395,-0.13183620829664022,315359999.9999933,151334.05442473607
11.41,11.405000000000001,-0.12979980277172132,315359999.9999933,148996.47578438645
11.51,11.46,-0.9853246153178503,3153599999.9999886,113104.86768932747
11.56,11.535,-0.21925360119346493,1576800000.0000222,50335.9992592803
11.58,11.57,-0.09224972368566853,630719999.9999866,52946.47383024593
11.64,11.61,-0.20143186576403593,1892160000.000016,38537.08745908401
11.67,11.655000000000001,-0.09131880377800172,946079999.9999799,34941.449948880996
11.95,11.809999999999999,-1.3845472850350475,8830079999.999979,56761.22041733352
12.0,11.975,-0.251219069681774,1576800000.0000222,57674.59615981792
12.03,12.015,-0.1434736156280607,946079999.9999799,54897.52331447561
12.17,12.1,-0.6970366566528554,4415040000.000018,57151.751673446364
12.2,12.184999999999999,-0.16842294202692187,946079999.9999799,64443.92124740721
12.23,12.215,-0.13599690352822336,946080000.0000359,52036.697823878516
12.28,12.254999999999999,-0.22625528424942587,1576799999.9999664,51943.437911145294
12.29,12.285,-0.05872314259710265,315359999.9999933,67407.97063721337
12.63,12.46,-1.6023474511126636,10722240000.000051,54097.81699558875
12.64,12.635000000000002,0.08751506667101694,315359999.9999933,-100458.06105691528
12.65,12.645,0.03628627500033588,315359999.9999933,-41652.81440297395
12.73,12.690000000000001,-0.4465303059727148,2522880000.000002,64071.20860370793
12.77,12.75,-0.45745951886613057,1261439999.9999733,131278.81296735696
12.78,12.774999999999999,-0.12034166590072459,315359999.9999933,138139.53277544148
12.8,12.79,-0.24300767745634744,630720000.0000426,139473.5845370241
12.84,12.82,-0.4743104027599827,1261439999.9999733,136114.5720756575
12.94,12.89,-1.206889623816167,3153599999.9999886,138538.19248524038
12.95,12.945,-0.12960060969329845,315359999.9999933,148767.82315123995
12.97,12.96,-0.2702088267369618,630720000.0000426,155085.60895290074
12.98,12.975000000000001,-0.1298943943454276,315359999.9999933,149105.05692873473
12.99,12.985,-0.13033384839906148,315359999.9999933,149609.5038066377
13.0,12.995000000000001,-0.130665227839188,315359999.9999933,149989.8924333684
13.08,13.04,-1.0465486165594768,2522880000.000002,150165.9211672891
13.09,13.085,-0.12975042069869858,315359999.9999933,148939.79037585578
13.14,13.115,-0.601916795541527,1576800000.0000222,138187.39217784736
13.18,13.16,-0.397920298719626,1261439999.9999733,114192.6275815795
13.31,13.245000000000001,-1.3224578820725412,4099680000.0000253,116772.46841467064
13.44,13.375,-1.3878592637374254,4099679999.999968,122547.3825939956
13.56,13.5,-1.3361470043740837,3784320000.000032,127812.97976476996
13.57,13.565000000000001,-0.19648037637399796,315359999.9999933,225538.737466352
13.58,13.575,-0.18533245730465353,315359999.9999933,212742.1028167364
13.6,13.59,-0.6147196093101428,630719999.9999866,352816.620006146
13.63,13.615,-0.9460787338403662,946080000.0000359,361999.51552743907
13.84,13.735,-5.734443560487762,6622559999.999971,313454.0976445028
14.08,13.96,-7.556723514389915,7568640000.000007,361430.0471695241
14.1,14.09,-0.45955137829929527,630719999.9999866,263758.2428721911
14.15,14.125,-0.9623338274507631,1576800000.0000222,220931.5357287997
14.18,14.165,-0.5167782641035501,946079999.9999799,197735.63716122223
14.26,14.219999999999999,-1.3146278244812493,2522880000.000002,188631.75119792137
14.28,14.27,-0.3227963699323908,630719999.9999866,185268.0839604388
14.3,14.29,-0.3157987505109361,630720000.0000426,181251.8196425532
14.31,14.305,-0.15826164885895366,315359999.9999933,181667.6715085694
14.32,14.315000000000001,-0.157465253044478,315359999.9999933,180753.4931573511
14.34,14.33,-0.312600617038683,630719999.9999866,179416.2597793088
14.35,14.344999999999999,-0.15492436368403162,315359999.9999933,177836.82031208975
14.4,14.375,-0.7486827893421122,1576800000.0000222,171881.76670588585
14.41,14.405000000000001,-0.13691828868091704,315359999.9999933,157167.746392989
14.52,14.465,-1.4540432213403136,3468959999.9999814,151735.28842223503
14.54,14.53,-0.2655386008207188,630719999.9999866,152405.14570189978
14.57,14.555,-0.39423952697005404,946080000.0000359,150848.45759677212
14.64,14.605,-0.9119948271005143,2207520000.000009,149553.40264658295
14.72,14.68,-0.9365105073239874,2522880000.000002,134376.90403478692
14.73,14.725000000000001,-0.09981722623102485,315359999.9999933,114579.64198259689
14.74,14.735,-0.09144298742367596,315359999.9999933,104966.89956675353
14.75,14.745000000000001,-0.09492958251323103,315359999.9999933,108969.14278852854
14.76,14.754999999999999,-0.09137723240526441,315359999.9999933,104891.41974475652
14.99,14.875,-2.607698348015944,7253280000.000013,130146.1962011352
15.14,15.065000000000001,-1.7663655587287934,4730400000.0000105,135173.41710211014
15.15,15.145,-0.11603040370492579,315359999.9999933,133190.6587429732
15.18,15.165,-0.3469274511188445,946079999.9999799,132745.36752179984
15.29,15.235,-1.2802522700700933,3468959999.9999814,133599.50007073482
15.41,15.35,-1.4447752283444544,3784320000.000032,138204.1245615297
15.51,15.46,-1.2064725737043602,3153599999.9999886,138490.3195335426
15.86,15.684999999999999,-4.07526536397873,11037599999.999989,133656.4164093917
15.94,15.899999999999999,-0.7075315480690421,2522880000.000002,101521.44390577158
16.02,15.98,-0.6496670962165609,2522880000.000002,93218.65837074886
16.3,16.16,-2.394372035008743,8830080000.000036,98160.22920213196
16.8,16.55,-3.6609669940057046,15768000000.0,84048.07533168855
16.9,16.85,-0.33736382541772514,3153599999.999933,38725.80695117298
16.98,16.939999999999998,-0.3011578241940498,2522880000.000058,43212.17511663
17.08,17.03,-0.2625989865213114,3153599999.999933,30143.592440612872
17.1,17.09,-0.09800661276599953,630720000.0000986,56250.624399553344
17.58,17.34,-1.0231065898786653,15137279999.999903,24467.049928129705
18.12,17.85,0.0045930697983180835,17029440000.000088,-97.63628557316845
18.17,18.145000000000003,-0.1028226264149481,1576800000.0000222,23605.904846658224
18.18,18.175,-0.019800891721672542,315359999.99993724,22729.334104664154
18.2,18.189999999999998,-0.047578846505999195,630719999.9999866,27307.747392142428
18.22,18.21,-0.04940705859367256,630719999.9999866,28357.044664684556
18.23,18.225,-0.02529940742918768,315360000.0000493,29041.04987748766
18.41,18.32,-0.4230859300751604,5676479999.999991,26980.99996603675
18.45,18.43,-0.1312537126193689,1261439999.9999733,37666.35271452669
18.55,18.5,-0.367203726141085,3153600000.0000443,42151.112653180775
18.72,18.634999999999998,-0.6647072708898492,5361119999.999941,44883.16472343989
18.75,18.735,-0.16228428046019872,946080000.0000359,62095.076025906594
18.78,18.765,-0.2218290069796609,946080000.0000359,84878.7634519641
18.81,18.795,-0.21669767446769583,946079999.9999237,82915.35404755647
18.84,18.825,-0.2549519384676131,946080000.0000359,97552.64007829406
19.08,18.96,-0.5961247348599699,7568639999.999951,28512.011936003095
19.12,19.1,-0.05868261653773743,1261440000.000085,16840.362749444696
19.25,19.185000000000002,-0.3993775964862607,4099679999.999968,35264.871874884746
19.39,19.32,-0.9550019088445367,4415040000.000018,78302.95784448631
19.46,19.425,-0.4086537648201727,2207520000.000009,67013.0566721488
19.52,19.490000000000002,-0.2460377172671997,1892159999.9999597,47070.8891693769
19.67,19.595,-0.0073957187041742145,4730400000.000067,565.9669733872458
19.71,19.69,-0.39649821129108886,1261439999.9999733,113784.52600787766
19.72,19.715,-0.09140718416682603,315359999.99993724,104925.80120623289
19.74,19.729999999999997,-0.17436343470563997,630719999.9999866,100075.4112180413
20.04,19.89,-2.135328220483018,9460800000.000021,81704.38185088478
20.4,20.22,-1.84209271472767,11352959999.999983,58736.8900032606
20.48,20.439999999999998,-0.13213210636328654,2522880000.000058,18959.214272382604
20.52,20.5,-0.026487305609407485,1261439999.9999733,7601.157907316807
21.0,20.759999999999998,-0.8884965589738272,15137280000.000013,21247.922635276955
21.69,21.345,-1.454524138827935,21759840000.000042,24197.684277812314
21.92,21.805,-0.30862820309911854,7253280000.000013,15403.15685067731
21.98,21.950000000000003,0.0490704550354053,1892159999.9999597,-9387.9506610525
23.79,22.884999999999998,2.3619451746862694,57080159999.99996,-14979.358033271634
24.04,23.915,0.25328323241137696,7884000000.0,-11629.696871247901
24.48,24.259999999999998,0.47790296528714293,13875840000.00004,-12467.776612727246
28.28,26.380000000000003,20.730290312426348,119836800000.00003,-62621.54107167695
28.33,28.305,0.20663908632947425,1576799999.9999104,-47439.97288893577
29.07,28.7,0.8329431851597491,23336640000.00007,-12920.68751233375
29.21,29.14,1.0231836168153876,4415040000.000018,-83893.3439532074
29.58,29.395,3.1117479625420827,11668319999.99992,-96539.41290950555
29.98,29.78,3.7237144248797875,12614400000.000067,-106860.77988699233
30.15,30.064999999999998,1.646338521120427,5361119999.999941,-111166.05199018137
30.23,30.189999999999998,0.7842037390487206,2522880000.000058,-112522.89190751457
30.24,30.235,0.09840489628660976,315359999.99993724,-112958.43624987258
30.3,30.27,0.5920959712240546,1892160000.0000718,-113277.28182769935
31.5,30.9,12.253637724684722,37843199999.99998,-117215.69149373921
31.53,31.515,0.3132890255783991,946080000.0000359,-119874.24663810266
32.0,31.765,4.93656435811603,14821919999.999966,-120567.1260968894
32.26,32.129999999999995,2.750374124738954,8199359999.999936,-121428.43260394824
32.6,32.43,3.613871236015015,10722240000.000107,-122010.08254221342
34.1,33.35,16.100396423420648,47304000000.0,-123210.37344153295
